ASIN,商品名,カテゴリ,Amazon価格,新品最安値,売れ筋ランキング,JAN,URL
"B0C1G32J1F","キレイキレイ [医薬部外品] 薬用 泡ハンドソープ シトラスフルーティの香り 詰め替え 大容量サイズ 1760ml 殺菌","ビューティー",1191,1191,7,"4903301350460","https://www.amazon.co.jp/dp/B0C1G32J1F"
"B0DWKHLZF6","ビオレｕ 泡 ハンドソープ つめかえ用 1.52Ｌ 【Amazon.co.jp限定】 [医薬部外品]","ビューティー",1298,1298,16,"4901301454638","https://www.amazon.co.jp/dp/B0DWKHLZF6"
"B07NLKSWHB","ビオレu 【大容量】 泡ハンドソープ ポンプ 500ml 手に香りが残りにくい、マイルドシトラスの香り 500ミリリットル (x 1)","ビューティー",465,465,17,"4901301366528","https://www.amazon.co.jp/dp/B07NLKSWHB"
"B0BY2NZFJR","【医薬部外品】ビオレu 泡ハンドソープ つめかえ用 770ml","ビューティー",428,428,17,"4901301416001","https://www.amazon.co.jp/dp/B0BY2NZFJR"
"B00ABAMJPI","【業務用 大容量】キレイキレイ 薬用 泡ハンドソープ 2L シトラスフルーティの香り (医薬部外品) 詰め替え","ビューティー",1469,1469,45,"4903301181606","https://www.amazon.co.jp/dp/B00ABAMJPI"
"B0C2GR9PZJ","花王プロシリーズ 【大容量】ビオレｕ泡ハンドソープ 4L 業務用 マイルドシトラスの香り 花王プロフェッショナル・サービス","ビューティー",2552,2480,339,"4901301416780","https://www.amazon.co.jp/dp/B0C2GR9PZJ"
"B0DJR5BJHW","【LDKベストバイ受賞】【医薬部外品】ミューズ 泡 ハンドソープ 詰替 ボタニカル 大容量 1800mL","ビューティー",1300,1300,407,"4906156803983","https://www.amazon.co.jp/dp/B0DJR5BJHW"
"B09L488TRY","カネヨ石鹸【大容量】 無添加せっけんハンドソープ 5kg 香料・着色料・防腐剤無添加 泡ポンプ・液体ポンプ兼用 アレルギーテスト済 コック付 日本製","ビューティー",1909,1909,643,"4901329500072","https://www.amazon.co.jp/dp/B09L488TRY"
"B002HMBV0M","カウブランド 無添加 泡のハンドソープ ポンプ 360mL","ビューティー",314,314,870,"4901525002264","https://www.amazon.co.jp/dp/B002HMBV0M"
"B0F13TL4PD","ビオレ ザ ハンド 泡 ハンドソープ 深くて温かみのあるハーバルウッドの香り ポンプ 280ml [医薬部外品]","ビューティー",527,527,1108,"4901301452047","https://www.amazon.co.jp/dp/B0F13TL4PD"